,Heuristica,Configuração,Média,Desvio Padrão,Tempo médio,K,Base
0,Simulated Annealing,"t: 500, alfa: 0.95, iter_max: 350",280.6184998502034,2.5721788239893946,1.015625,3,Iris
1,Simulated Annealing,"t: 500, alfa: 0.95, iter_max: 500",282.639037765059,2.3134099657716276,1.015625,3,Iris
2,Simulated Annealing,"t: 500, alfa: 0.85, iter_max: 350",282.2635058489807,4.1553908561938275,1.015625,3,Iris
3,Simulated Annealing,"t: 500, alfa: 0.85, iter_max: 500",284.56502450153187,2.6355694961992864,1.015625,3,Iris
4,Simulated Annealing,"t: 500, alfa: 0.7, iter_max: 350",284.6679003490236,2.473729915513327,1.015625,3,Iris
5,Simulated Annealing,"t: 500, alfa: 0.7, iter_max: 500",282.4837283967451,3.6089822527221584,1.015625,3,Iris
6,Simulated Annealing,"t: 100, alfa: 0.95, iter_max: 350",280.64756000962075,5.4536201162045685,1.015625,3,Iris
7,Simulated Annealing,"t: 100, alfa: 0.95, iter_max: 500",281.742982966034,2.501376635818287,1.015625,3,Iris
8,Simulated Annealing,"t: 100, alfa: 0.85, iter_max: 350",281.314317094575,2.9601777169669807,1.015625,3,Iris
9,Simulated Annealing,"t: 100, alfa: 0.85, iter_max: 500",281.5608106116157,2.46995640305687,1.015625,3,Iris
10,Simulated Annealing,"t: 100, alfa: 0.7, iter_max: 350",281.3490762060045,2.1460247543291406,1.015625,3,Iris
11,Simulated Annealing,"t: 100, alfa: 0.7, iter_max: 500",284.1186201489912,2.1888864230808287,1.015625,3,Iris
12,Simulated Annealing,"t: 50, alfa: 0.95, iter_max: 350",281.3443957361734,3.312739838813824,1.015625,3,Iris
13,Simulated Annealing,"t: 50, alfa: 0.95, iter_max: 500",277.2049096152558,3.9971601483465697,1.015625,3,Iris
14,Simulated Annealing,"t: 50, alfa: 0.85, iter_max: 350",283.59210619320936,2.203029304675043,1.015625,3,Iris
15,Simulated Annealing,"t: 50, alfa: 0.85, iter_max: 500",282.31937413712365,2.4200923930741425,1.015625,3,Iris
16,Simulated Annealing,"t: 50, alfa: 0.7, iter_max: 350",281.9990762076546,4.0088143933300815,1.015625,3,Iris
17,Simulated Annealing,"t: 50, alfa: 0.7, iter_max: 500",282.97671668666516,3.8894259121907715,1.015625,3,Iris
0,Genético,"pop_size: 10, cross_ratio: 0.75, mut_ratio: 0.1",286.4627742895434,1.5980429911124228,1.0203125,3,Iris
1,Genético,"pop_size: 10, cross_ratio: 0.75, mut_ratio: 0.2",284.3090612594029,2.1895699503818524,1.0171875,3,Iris
2,Genético,"pop_size: 10, cross_ratio: 0.85, mut_ratio: 0.1",285.9089892391999,2.047162588901569,1.01875,3,Iris
3,Genético,"pop_size: 10, cross_ratio: 0.85, mut_ratio: 0.2",283.1426518969116,2.4146758215203303,1.01875,3,Iris
4,Genético,"pop_size: 10, cross_ratio: 0.95, mut_ratio: 0.1",286.6160207460565,1.2165141408380966,1.015625,3,Iris
5,Genético,"pop_size: 10, cross_ratio: 0.95, mut_ratio: 0.2",284.8230787859837,3.3109491538317863,1.01875,3,Iris
6,Genético,"pop_size: 30, cross_ratio: 0.75, mut_ratio: 0.1",289.24032711309246,0.6135336685126146,1.0328125,3,Iris
7,Genético,"pop_size: 30, cross_ratio: 0.75, mut_ratio: 0.2",288.8136786042703,0.3977642997433854,1.0359375,3,Iris
8,Genético,"pop_size: 30, cross_ratio: 0.85, mut_ratio: 0.1",289.4560806068057,0.6973912781077404,1.0421875,3,Iris
9,Genético,"pop_size: 30, cross_ratio: 0.85, mut_ratio: 0.2",288.1863692016626,0.5795831395923708,1.0328125,3,Iris
10,Genético,"pop_size: 30, cross_ratio: 0.95, mut_ratio: 0.1",289.314789191212,0.7318688683557899,1.0296875,3,Iris
11,Genético,"pop_size: 30, cross_ratio: 0.95, mut_ratio: 0.2",288.80144272341624,1.1050735450538842,1.0390625,3,Iris
12,Genético,"pop_size: 50, cross_ratio: 0.75, mut_ratio: 0.1",289.31925508603865,0.45459348553881734,1.065625,3,Iris
13,Genético,"pop_size: 50, cross_ratio: 0.75, mut_ratio: 0.2",288.74209105508515,0.8752361850394831,1.0625,3,Iris
14,Genético,"pop_size: 50, cross_ratio: 0.85, mut_ratio: 0.1",289.5681511976823,0.546774417524615,1.053125,3,Iris
15,Genético,"pop_size: 50, cross_ratio: 0.85, mut_ratio: 0.2",289.2044115261775,0.5711963251587134,1.053125,3,Iris
16,Genético,"pop_size: 50, cross_ratio: 0.95, mut_ratio: 0.1",289.8966603774618,0.44859692623502245,1.053125,3,Iris
17,Genético,"pop_size: 50, cross_ratio: 0.95, mut_ratio: 0.2",289.5393170801374,0.2918425924320614,1.084375,3,Iris
0,Grasp,"numIter: 20, numBest: 5",290.82019883431246,5.684341886080802e-14,1.0453125,3,Iris
1,Grasp,"numIter: 20, numBest: 10",290.61398496454683,0.032421081399907625,1.0640625,3,Iris
2,Grasp,"numIter: 20, numBest: 15",289.86918978881215,0.20016126449142926,1.059375,3,Iris
3,Grasp,"numIter: 50, numBest: 5",290.82019883431246,5.684341886080802e-14,1.0234375,3,Iris
4,Grasp,"numIter: 50, numBest: 10",290.84255618651986,5.684341886080802e-14,1.0359375,3,Iris
5,Grasp,"numIter: 50, numBest: 15",290.2520484454606,5.684341886080802e-14,1.053125,3,Iris
6,Grasp,"numIter: 100, numBest: 5",290.84032045129914,0.006707205662252137,1.021875,3,Iris
7,Grasp,"numIter: 100, numBest: 10",290.84255618651986,5.684341886080802e-14,1.0609375,3,Iris
8,Grasp,"numIter: 100, numBest: 15",290.2520484454606,5.684341886080802e-14,1.0515625,3,Iris
9,Grasp,"numIter: 200, numBest: 5",290.84255618651986,5.684341886080802e-14,1.0171875,3,Iris
10,Grasp,"numIter: 200, numBest: 10",290.84255618651986,5.684341886080802e-14,1.0375,3,Iris
11,Grasp,"numIter: 200, numBest: 15",290.2520484454606,5.684341886080802e-14,1.05,3,Iris
12,Grasp,"numIter: 350, numBest: 5",290.83808471607847,0.008942940883002848,1.0359375,3,Iris
13,Grasp,"numIter: 350, numBest: 10",290.84255618651986,5.684341886080802e-14,1.05,3,Iris
14,Grasp,"numIter: 350, numBest: 15",290.2520484454606,5.684341886080802e-14,1.0265625,3,Iris
15,Grasp,"numIter: 500, numBest: 5",290.84255618651986,5.684341886080802e-14,1.021875,3,Iris
16,Grasp,"numIter: 500, numBest: 10",290.84255618651986,5.684341886080802e-14,1.0359375,3,Iris
17,Grasp,"numIter: 500, numBest: 15",290.2520484454606,5.684341886080802e-14,1.05625,3,Iris
0,Simulated Annealing,"t: 500, alfa: 0.95, iter_max: 350",274.4542372571687,5.806987071200358,1.015625,7,Iris
1,Simulated Annealing,"t: 500, alfa: 0.95, iter_max: 500",270.49709445342194,4.016364085957645,1.015625,7,Iris
2,Simulated Annealing,"t: 500, alfa: 0.85, iter_max: 350",272.224279966532,6.047110371775315,1.015625,7,Iris
3,Simulated Annealing,"t: 500, alfa: 0.85, iter_max: 500",269.14887074301544,4.505068364658159,1.015625,7,Iris
4,Simulated Annealing,"t: 500, alfa: 0.7, iter_max: 350",272.36364886746543,6.298949629659009,1.015625,7,Iris
5,Simulated Annealing,"t: 500, alfa: 0.7, iter_max: 500",270.97474388468584,6.4691074120621055,1.015625,7,Iris
6,Simulated Annealing,"t: 100, alfa: 0.95, iter_max: 350",273.71118893488466,3.6009511697749357,1.015625,7,Iris
7,Simulated Annealing,"t: 100, alfa: 0.95, iter_max: 500",274.9802089249148,4.664750342404447,1.015625,7,Iris
8,Simulated Annealing,"t: 100, alfa: 0.85, iter_max: 350",272.30250091883096,7.032125947413452,1.015625,7,Iris
9,Simulated Annealing,"t: 100, alfa: 0.85, iter_max: 500",267.56082073230914,4.065726351444716,1.015625,7,Iris
10,Simulated Annealing,"t: 100, alfa: 0.7, iter_max: 350",273.0326210002565,3.699022639032309,1.015625,7,Iris
11,Simulated Annealing,"t: 100, alfa: 0.7, iter_max: 500",269.8839431312038,8.169436564094866,1.015625,7,Iris
12,Simulated Annealing,"t: 50, alfa: 0.95, iter_max: 350",273.2607042737847,3.789421094635423,1.015625,7,Iris
13,Simulated Annealing,"t: 50, alfa: 0.95, iter_max: 500",269.9508012739278,6.247385541158664,1.015625,7,Iris
14,Simulated Annealing,"t: 50, alfa: 0.85, iter_max: 350",272.67670092158914,5.323382634909133,1.015625,7,Iris
15,Simulated Annealing,"t: 50, alfa: 0.85, iter_max: 500",274.2104341095304,3.4334882647072176,1.0171875,7,Iris
16,Simulated Annealing,"t: 50, alfa: 0.7, iter_max: 350",270.98632487549133,4.662096010978965,1.015625,7,Iris
17,Simulated Annealing,"t: 50, alfa: 0.7, iter_max: 500",273.6250458779121,4.159878855427789,1.015625,7,Iris
0,Genético,"pop_size: 10, cross_ratio: 0.75, mut_ratio: 0.1",271.1447030945253,2.7729187746373984,1.0171875,7,Iris
1,Genético,"pop_size: 10, cross_ratio: 0.75, mut_ratio: 0.2",268.3219241556186,2.9189249192447395,1.015625,7,Iris
2,Genético,"pop_size: 10, cross_ratio: 0.85, mut_ratio: 0.1",274.09420812894587,2.0660223334410897,1.015625,7,Iris
3,Genético,"pop_size: 10, cross_ratio: 0.85, mut_ratio: 0.2",269.9706953872962,3.125301316843221,1.021875,7,Iris
4,Genético,"pop_size: 10, cross_ratio: 0.95, mut_ratio: 0.1",274.90868086019714,2.319442976257159,1.015625,7,Iris
5,Genético,"pop_size: 10, cross_ratio: 0.95, mut_ratio: 0.2",271.82468947878255,3.5639558441135457,1.0171875,7,Iris
6,Genético,"pop_size: 30, cross_ratio: 0.75, mut_ratio: 0.1",278.866548926372,1.4603336263043065,1.0390625,7,Iris
7,Genético,"pop_size: 30, cross_ratio: 0.75, mut_ratio: 0.2",278.64518537163565,1.4750199147469425,1.0328125,7,Iris
8,Genético,"pop_size: 30, cross_ratio: 0.85, mut_ratio: 0.1",278.5208860777628,1.0120935402650297,1.0328125,7,Iris
9,Genético,"pop_size: 30, cross_ratio: 0.85, mut_ratio: 0.2",278.7633567530963,1.1722986648146048,1.0375,7,Iris
10,Genético,"pop_size: 30, cross_ratio: 0.95, mut_ratio: 0.1",279.6019736556261,1.257140410958902,1.0375,7,Iris
11,Genético,"pop_size: 30, cross_ratio: 0.95, mut_ratio: 0.2",278.4297402207152,0.873355717323156,1.0421875,7,Iris
12,Genético,"pop_size: 50, cross_ratio: 0.75, mut_ratio: 0.1",279.431441721904,1.195296983393906,1.040625,7,Iris
13,Genético,"pop_size: 50, cross_ratio: 0.75, mut_ratio: 0.2",279.1891165779833,0.7205346153089812,1.059375,7,Iris
14,Genético,"pop_size: 50, cross_ratio: 0.85, mut_ratio: 0.1",280.0351915476898,1.1453324020528528,1.0453125,7,Iris
15,Genético,"pop_size: 50, cross_ratio: 0.85, mut_ratio: 0.2",279.0179787730417,0.837063615288952,1.05,7,Iris
16,Genético,"pop_size: 50, cross_ratio: 0.95, mut_ratio: 0.1",279.8540438565603,1.4033156354002074,1.05625,7,Iris
17,Genético,"pop_size: 50, cross_ratio: 0.95, mut_ratio: 0.2",278.5419111139821,1.1640684987707912,1.0515625,7,Iris
0,Grasp,"numIter: 20, numBest: 5",277.8993446159527,0.14126306453522341,1.0484375,7,Iris
1,Grasp,"numIter: 20, numBest: 10",278.8084206210642,0.10601653164439426,1.0609375,7,Iris
2,Grasp,"numIter: 20, numBest: 15",278.6832143245042,0.4581734552247487,1.05625,7,Iris
3,Grasp,"numIter: 50, numBest: 5",278.9111905725719,0.39187015552378984,1.034375,7,Iris
4,Grasp,"numIter: 50, numBest: 10",280.07230951550275,0.4691188212978744,1.028125,7,Iris
5,Grasp,"numIter: 50, numBest: 15",280.29409936793434,0.0,1.053125,7,Iris
6,Grasp,"numIter: 100, numBest: 5",280.2226945773006,0.35304471424217676,1.0375,7,Iris
7,Grasp,"numIter: 100, numBest: 10",280.29409936793434,0.0,1.0390625,7,Iris
8,Grasp,"numIter: 100, numBest: 15",280.29409936793434,0.0,1.0578125,7,Iris
9,Grasp,"numIter: 200, numBest: 5",280.1315321484563,0.5335149909942488,1.0375,7,Iris
10,Grasp,"numIter: 200, numBest: 10",280.29409936793434,0.0,1.040625,7,Iris
11,Grasp,"numIter: 200, numBest: 15",280.29409936793434,0.0,1.05,7,Iris
12,Grasp,"numIter: 350, numBest: 5",280.21545632388586,0.509171555797479,1.0296875,7,Iris
13,Grasp,"numIter: 350, numBest: 10",280.29409936793434,0.0,1.0328125,7,Iris
14,Grasp,"numIter: 350, numBest: 15",280.29409936793434,0.0,1.0453125,7,Iris
15,Grasp,"numIter: 500, numBest: 5",280.4513621869659,0.0,1.025,7,Iris
16,Grasp,"numIter: 500, numBest: 10",280.29409936793434,0.0,1.0625,7,Iris
17,Grasp,"numIter: 500, numBest: 15",280.29409936793434,0.0,1.0484375,7,Iris
0,Simulated Annealing,"t: 500, alfa: 0.95, iter_max: 350",267.700511250806,5.7123004444941845,1.015625,10,Iris
1,Simulated Annealing,"t: 500, alfa: 0.95, iter_max: 500",266.36997232529075,5.239814390938865,1.015625,10,Iris
2,Simulated Annealing,"t: 500, alfa: 0.85, iter_max: 350",271.7525000961713,3.0847615979716076,1.015625,10,Iris
3,Simulated Annealing,"t: 500, alfa: 0.85, iter_max: 500",266.4860329502464,6.165959803901564,1.015625,10,Iris
4,Simulated Annealing,"t: 500, alfa: 0.7, iter_max: 350",268.0145786016057,5.109729138302046,1.015625,10,Iris
5,Simulated Annealing,"t: 500, alfa: 0.7, iter_max: 500",267.3799147802395,4.519167302937145,1.015625,10,Iris
6,Simulated Annealing,"t: 100, alfa: 0.95, iter_max: 350",267.15377535180687,5.041117561508437,1.015625,10,Iris
7,Simulated Annealing,"t: 100, alfa: 0.95, iter_max: 500",268.15143869270275,3.562789505238605,1.015625,10,Iris
8,Simulated Annealing,"t: 100, alfa: 0.85, iter_max: 350",267.59227143339865,4.870094510829611,1.015625,10,Iris
9,Simulated Annealing,"t: 100, alfa: 0.85, iter_max: 500",263.662244074725,7.079645534254415,1.015625,10,Iris
10,Simulated Annealing,"t: 100, alfa: 0.7, iter_max: 350",269.340353457438,5.425932417117116,1.015625,10,Iris
11,Simulated Annealing,"t: 100, alfa: 0.7, iter_max: 500",268.5138708322358,3.0286566119039544,1.015625,10,Iris
12,Simulated Annealing,"t: 50, alfa: 0.95, iter_max: 350",266.98048916137515,7.133310357838937,1.015625,10,Iris
13,Simulated Annealing,"t: 50, alfa: 0.95, iter_max: 500",265.9280665913382,4.715758270246202,1.015625,10,Iris
14,Simulated Annealing,"t: 50, alfa: 0.85, iter_max: 350",269.28560402681853,3.5312740338745066,1.015625,10,Iris
15,Simulated Annealing,"t: 50, alfa: 0.85, iter_max: 500",266.9705137834123,5.9618038260082615,1.015625,10,Iris
16,Simulated Annealing,"t: 50, alfa: 0.7, iter_max: 350",267.1028324357168,3.2278385809259342,1.015625,10,Iris
17,Simulated Annealing,"t: 50, alfa: 0.7, iter_max: 500",265.8737902419963,4.384563187503015,1.015625,10,Iris
0,Genético,"pop_size: 10, cross_ratio: 0.75, mut_ratio: 0.1",270.49429724636485,2.5032203680697,1.015625,10,Iris
1,Genético,"pop_size: 10, cross_ratio: 0.75, mut_ratio: 0.2",265.31843224363445,4.702464351691113,1.015625,10,Iris
2,Genético,"pop_size: 10, cross_ratio: 0.85, mut_ratio: 0.1",269.96559578468475,2.142550975861541,1.015625,10,Iris
3,Genético,"pop_size: 10, cross_ratio: 0.85, mut_ratio: 0.2",267.9620202736655,1.9877262802386726,1.015625,10,Iris
4,Genético,"pop_size: 10, cross_ratio: 0.95, mut_ratio: 0.1",272.7717846902493,1.933389093989675,1.0203125,10,Iris
5,Genético,"pop_size: 10, cross_ratio: 0.95, mut_ratio: 0.2",268.4565089380349,4.767370030527272,1.0171875,10,Iris
6,Genético,"pop_size: 30, cross_ratio: 0.75, mut_ratio: 0.1",277.6057760446846,1.1511942276809175,1.0375,10,Iris
7,Genético,"pop_size: 30, cross_ratio: 0.75, mut_ratio: 0.2",275.5891977509833,1.0855361734995888,1.034375,10,Iris
8,Genético,"pop_size: 30, cross_ratio: 0.85, mut_ratio: 0.1",276.79028632744627,1.2551573595843677,1.034375,10,Iris
9,Genético,"pop_size: 30, cross_ratio: 0.85, mut_ratio: 0.2",275.8150962454274,2.0560421069599446,1.0421875,10,Iris
10,Genético,"pop_size: 30, cross_ratio: 0.95, mut_ratio: 0.1",275.3158998392851,1.8741952356311053,1.0421875,10,Iris
11,Genético,"pop_size: 30, cross_ratio: 0.95, mut_ratio: 0.2",276.2154940107978,1.135728354842611,1.034375,10,Iris
12,Genético,"pop_size: 50, cross_ratio: 0.75, mut_ratio: 0.1",276.14739649419005,1.3532051432068692,1.0515625,10,Iris
13,Genético,"pop_size: 50, cross_ratio: 0.75, mut_ratio: 0.2",275.71878265296556,1.7316021431131154,1.0546875,10,Iris
14,Genético,"pop_size: 50, cross_ratio: 0.85, mut_ratio: 0.1",277.1577321172269,1.2683555586311033,1.065625,10,Iris
15,Genético,"pop_size: 50, cross_ratio: 0.85, mut_ratio: 0.2",276.6266459615719,1.0917276620671335,1.05,10,Iris
16,Genético,"pop_size: 50, cross_ratio: 0.95, mut_ratio: 0.1",276.4550624104759,2.0009339759088713,1.0703125,10,Iris
17,Genético,"pop_size: 50, cross_ratio: 0.95, mut_ratio: 0.2",275.8904007503464,1.0676504952809607,1.0703125,10,Iris
0,Grasp,"numIter: 20, numBest: 5",275.85873586061894,0.41546141513546114,1.0625,10,Iris
1,Grasp,"numIter: 20, numBest: 10",276.0705149188031,0.1104900977065654,1.0953125,10,Iris
2,Grasp,"numIter: 20, numBest: 15",277.42690594115913,0.4980730782571647,1.0890625,10,Iris
3,Grasp,"numIter: 50, numBest: 5",276.96699303199614,0.14698269102320863,1.0390625,10,Iris
4,Grasp,"numIter: 50, numBest: 10",277.64879333505615,5.684341886080802e-14,1.05,10,Iris
5,Grasp,"numIter: 50, numBest: 15",277.64879333505615,5.684341886080802e-14,1.075,10,Iris
6,Grasp,"numIter: 100, numBest: 5",277.86472390419095,5.684341886080802e-14,1.0328125,10,Iris
7,Grasp,"numIter: 100, numBest: 10",277.64879333505615,5.684341886080802e-14,1.0546875,10,Iris
8,Grasp,"numIter: 100, numBest: 15",277.64879333505615,5.684341886080802e-14,1.0953125,10,Iris
9,Grasp,"numIter: 200, numBest: 5",277.86472390419095,5.684341886080802e-14,1.03125,10,Iris
10,Grasp,"numIter: 200, numBest: 10",277.64879333505615,5.684341886080802e-14,1.0359375,10,Iris
11,Grasp,"numIter: 200, numBest: 15",277.64879333505615,5.684341886080802e-14,1.059375,10,Iris
12,Grasp,"numIter: 350, numBest: 5",277.8043473551761,0.1811296470445086,1.0484375,10,Iris
13,Grasp,"numIter: 350, numBest: 10",277.64879333505615,5.684341886080802e-14,1.0453125,10,Iris
14,Grasp,"numIter: 350, numBest: 15",277.64879333505615,5.684341886080802e-14,1.0796875,10,Iris
15,Grasp,"numIter: 500, numBest: 5",277.86472390419095,5.684341886080802e-14,1.04375,10,Iris
16,Grasp,"numIter: 500, numBest: 10",277.64879333505615,5.684341886080802e-14,1.053125,10,Iris
17,Grasp,"numIter: 500, numBest: 15",277.64879333505615,5.684341886080802e-14,1.06875,10,Iris
0,Simulated Annealing,"t: 500, alfa: 0.95, iter_max: 350",261.3870625751928,5.6516452771750165,1.015625,13,Iris
1,Simulated Annealing,"t: 500, alfa: 0.95, iter_max: 500",261.87481615984996,5.254957981754232,1.015625,13,Iris
2,Simulated Annealing,"t: 500, alfa: 0.85, iter_max: 350",260.2790180691568,8.429814837516346,1.015625,13,Iris
3,Simulated Annealing,"t: 500, alfa: 0.85, iter_max: 500",261.10957151284026,6.7072391089311765,1.015625,13,Iris
4,Simulated Annealing,"t: 500, alfa: 0.7, iter_max: 350",267.76402330131316,3.9183055221099554,1.015625,13,Iris
5,Simulated Annealing,"t: 500, alfa: 0.7, iter_max: 500",260.71599815069055,5.85649325689903,1.015625,13,Iris
6,Simulated Annealing,"t: 100, alfa: 0.95, iter_max: 350",260.79818743448084,4.029391626705417,1.015625,13,Iris
7,Simulated Annealing,"t: 100, alfa: 0.95, iter_max: 500",261.21077220950923,4.392053640402214,1.015625,13,Iris
8,Simulated Annealing,"t: 100, alfa: 0.85, iter_max: 350",263.726333768838,3.756723366648253,1.015625,13,Iris
9,Simulated Annealing,"t: 100, alfa: 0.85, iter_max: 500",259.8942324611579,5.395655920695218,1.015625,13,Iris
10,Simulated Annealing,"t: 100, alfa: 0.7, iter_max: 350",260.55273886958895,4.597411536673755,1.015625,13,Iris
11,Simulated Annealing,"t: 100, alfa: 0.7, iter_max: 500",263.914022059875,4.127352805258252,1.015625,13,Iris
12,Simulated Annealing,"t: 50, alfa: 0.95, iter_max: 350",261.8850153555459,5.193842167134817,1.015625,13,Iris
13,Simulated Annealing,"t: 50, alfa: 0.95, iter_max: 500",260.80580868540665,3.979614065771844,1.015625,13,Iris
14,Simulated Annealing,"t: 50, alfa: 0.85, iter_max: 350",262.5268423549721,6.640450761479147,1.015625,13,Iris
15,Simulated Annealing,"t: 50, alfa: 0.85, iter_max: 500",263.8059404651433,4.368202961646761,1.015625,13,Iris
16,Simulated Annealing,"t: 50, alfa: 0.7, iter_max: 350",265.35402790610505,5.115024847282229,1.015625,13,Iris
17,Simulated Annealing,"t: 50, alfa: 0.7, iter_max: 500",261.7506891938633,4.46616841118663,1.015625,13,Iris
0,Genético,"pop_size: 10, cross_ratio: 0.75, mut_ratio: 0.1",263.6255427546282,3.6681793452550484,1.0171875,13,Iris
1,Genético,"pop_size: 10, cross_ratio: 0.75, mut_ratio: 0.2",260.3328430840864,4.091934003990564,1.0171875,13,Iris
2,Genético,"pop_size: 10, cross_ratio: 0.85, mut_ratio: 0.1",263.14182597277494,3.1627871956352407,1.015625,13,Iris
3,Genético,"pop_size: 10, cross_ratio: 0.85, mut_ratio: 0.2",262.04107568346524,2.897492950438765,1.025,13,Iris
4,Genético,"pop_size: 10, cross_ratio: 0.95, mut_ratio: 0.1",267.19398068147393,2.014973641685154,1.0203125,13,Iris
5,Genético,"pop_size: 10, cross_ratio: 0.95, mut_ratio: 0.2",263.67108053354445,2.4205137395680216,1.0171875,13,Iris
6,Genético,"pop_size: 30, cross_ratio: 0.75, mut_ratio: 0.1",271.44553546387687,1.9852122914640251,1.0359375,13,Iris
7,Genético,"pop_size: 30, cross_ratio: 0.75, mut_ratio: 0.2",270.5215436329914,2.0455233474354233,1.03125,13,Iris
8,Genético,"pop_size: 30, cross_ratio: 0.85, mut_ratio: 0.1",270.3307198845556,1.627803471923743,1.03125,13,Iris
9,Genético,"pop_size: 30, cross_ratio: 0.85, mut_ratio: 0.2",270.6341018780728,1.4814349356197871,1.03125,13,Iris
10,Genético,"pop_size: 30, cross_ratio: 0.95, mut_ratio: 0.1",271.19352889691993,1.8963458326474623,1.0390625,13,Iris
11,Genético,"pop_size: 30, cross_ratio: 0.95, mut_ratio: 0.2",270.59486689447965,1.0706229274538508,1.0421875,13,Iris
12,Genético,"pop_size: 50, cross_ratio: 0.75, mut_ratio: 0.1",270.5632393310275,1.6761256144430792,1.0375,13,Iris
13,Genético,"pop_size: 50, cross_ratio: 0.75, mut_ratio: 0.2",270.8117791215401,1.1295653858785009,1.05625,13,Iris
14,Genético,"pop_size: 50, cross_ratio: 0.85, mut_ratio: 0.1",272.0187732410217,1.1348201415159773,1.0546875,13,Iris
15,Genético,"pop_size: 50, cross_ratio: 0.85, mut_ratio: 0.2",271.9908205710386,0.9109362141859461,1.065625,13,Iris
16,Genético,"pop_size: 50, cross_ratio: 0.95, mut_ratio: 0.1",270.89341447748575,1.80919145560126,1.046875,13,Iris
17,Genético,"pop_size: 50, cross_ratio: 0.95, mut_ratio: 0.2",271.38621100844796,1.3215665755068255,1.0796875,13,Iris
0,Grasp,"numIter: 20, numBest: 5",269.8794499164008,0.1627808902124599,1.046875,13,Iris
1,Grasp,"numIter: 20, numBest: 10",270.9259686193218,0.0,1.08125,13,Iris
2,Grasp,"numIter: 20, numBest: 15",269.88767418002266,1.502894692688246,1.09375,13,Iris
3,Grasp,"numIter: 50, numBest: 5",270.9259686193218,0.0,1.071875,13,Iris
4,Grasp,"numIter: 50, numBest: 10",272.41572385892005,0.0,1.065625,13,Iris
5,Grasp,"numIter: 50, numBest: 15",271.41806845090014,0.0,1.0484375,13,Iris
6,Grasp,"numIter: 100, numBest: 5",272.1168520175317,0.524573323791373,1.0578125,13,Iris
7,Grasp,"numIter: 100, numBest: 10",272.41572385892005,0.0,1.0484375,13,Iris
8,Grasp,"numIter: 100, numBest: 15",271.41806845090014,0.0,1.0484375,13,Iris
9,Grasp,"numIter: 200, numBest: 5",272.2667483349602,0.44692657187947593,1.0484375,13,Iris
10,Grasp,"numIter: 200, numBest: 10",272.41572385892005,0.0,1.0578125,13,Iris
11,Grasp,"numIter: 200, numBest: 15",271.41806845090014,0.0,1.0421875,13,Iris
12,Grasp,"numIter: 350, numBest: 5",272.41572385892005,0.0,1.05,13,Iris
13,Grasp,"numIter: 350, numBest: 10",272.41572385892005,0.0,1.053125,13,Iris
14,Grasp,"numIter: 350, numBest: 15",271.41806845090014,0.0,1.078125,13,Iris
15,Grasp,"numIter: 500, numBest: 5",272.41572385892005,0.0,1.0578125,13,Iris
16,Grasp,"numIter: 500, numBest: 10",272.41572385892005,0.0,1.0671875,13,Iris
17,Grasp,"numIter: 500, numBest: 15",271.41806845090014,0.0,1.09375,13,Iris
0,Simulated Annealing,"t: 500, alfa: 0.95, iter_max: 350",250.76697583212155,5.847945322757637,1.015625,22,Iris
1,Simulated Annealing,"t: 500, alfa: 0.95, iter_max: 500",248.2024722996829,4.902578392675676,1.015625,22,Iris
2,Simulated Annealing,"t: 500, alfa: 0.85, iter_max: 350",244.02476464957104,7.6340375746791755,1.015625,22,Iris
3,Simulated Annealing,"t: 500, alfa: 0.85, iter_max: 500",249.27626621628957,4.258907294380573,1.015625,22,Iris
4,Simulated Annealing,"t: 500, alfa: 0.7, iter_max: 350",247.29290798098341,7.629103145178191,1.015625,22,Iris
5,Simulated Annealing,"t: 500, alfa: 0.7, iter_max: 500",243.6961985195256,5.378531454467699,1.015625,22,Iris
6,Simulated Annealing,"t: 100, alfa: 0.95, iter_max: 350",247.62900285773588,7.932109034423956,1.015625,22,Iris
7,Simulated Annealing,"t: 100, alfa: 0.95, iter_max: 500",246.98405329924032,5.037231922576239,1.015625,22,Iris
8,Simulated Annealing,"t: 100, alfa: 0.85, iter_max: 350",247.30269286891786,8.685883808830143,1.015625,22,Iris
9,Simulated Annealing,"t: 100, alfa: 0.85, iter_max: 500",246.03076483449564,6.232788109431734,1.015625,22,Iris
10,Simulated Annealing,"t: 100, alfa: 0.7, iter_max: 350",250.23570692243115,2.994377376257812,1.015625,22,Iris
11,Simulated Annealing,"t: 100, alfa: 0.7, iter_max: 500",247.22212496987223,4.998985807942357,1.015625,22,Iris
12,Simulated Annealing,"t: 50, alfa: 0.95, iter_max: 350",248.35771579545317,6.228597439491702,1.015625,22,Iris
13,Simulated Annealing,"t: 50, alfa: 0.95, iter_max: 500",247.9547519297057,4.500814180813735,1.015625,22,Iris
14,Simulated Annealing,"t: 50, alfa: 0.85, iter_max: 350",246.179262454506,6.934369031644442,1.015625,22,Iris
15,Simulated Annealing,"t: 50, alfa: 0.85, iter_max: 500",247.96216097752685,4.917835307674749,1.015625,22,Iris
16,Simulated Annealing,"t: 50, alfa: 0.7, iter_max: 350",244.22799144631503,7.844101214502653,1.015625,22,Iris
17,Simulated Annealing,"t: 50, alfa: 0.7, iter_max: 500",251.00131690757289,5.500300863758175,1.015625,22,Iris
0,Genético,"pop_size: 10, cross_ratio: 0.75, mut_ratio: 0.1",250.7921282534093,3.384966253718215,1.0171875,22,Iris
1,Genético,"pop_size: 10, cross_ratio: 0.75, mut_ratio: 0.2",243.29670346542548,3.1394439248714567,1.01875,22,Iris
2,Genético,"pop_size: 10, cross_ratio: 0.85, mut_ratio: 0.1",245.7539688861529,2.6555399805380624,1.0234375,22,Iris
3,Genético,"pop_size: 10, cross_ratio: 0.85, mut_ratio: 0.2",243.84111850536775,3.0893812021373903,1.015625,22,Iris
4,Genético,"pop_size: 10, cross_ratio: 0.95, mut_ratio: 0.1",249.11236400026388,2.793670658076623,1.0203125,22,Iris
5,Genético,"pop_size: 10, cross_ratio: 0.95, mut_ratio: 0.2",244.89987826402609,2.8334375137167327,1.0171875,22,Iris
6,Genético,"pop_size: 30, cross_ratio: 0.75, mut_ratio: 0.1",254.05608559020956,1.093740709464915,1.0359375,22,Iris
7,Genético,"pop_size: 30, cross_ratio: 0.75, mut_ratio: 0.2",251.26145743396108,2.272196042236604,1.0296875,22,Iris
8,Genético,"pop_size: 30, cross_ratio: 0.85, mut_ratio: 0.1",252.0856162345372,3.1493127433899084,1.05,22,Iris
9,Genético,"pop_size: 30, cross_ratio: 0.85, mut_ratio: 0.2",253.6728047741799,2.4921004488635043,1.034375,22,Iris
10,Genético,"pop_size: 30, cross_ratio: 0.95, mut_ratio: 0.1",252.63506012291523,3.2911139047473252,1.0609375,22,Iris
11,Genético,"pop_size: 30, cross_ratio: 0.95, mut_ratio: 0.2",251.74139892387316,2.9110223410016105,1.04375,22,Iris
12,Genético,"pop_size: 50, cross_ratio: 0.75, mut_ratio: 0.1",253.4081165360467,1.5883425095569412,1.05625,22,Iris
13,Genético,"pop_size: 50, cross_ratio: 0.75, mut_ratio: 0.2",253.9868601515253,2.0129056045427456,1.075,22,Iris
14,Genético,"pop_size: 50, cross_ratio: 0.85, mut_ratio: 0.1",253.47252272575847,1.6011467971414206,1.0578125,22,Iris
15,Genético,"pop_size: 50, cross_ratio: 0.85, mut_ratio: 0.2",252.4216944598153,1.6890998335921283,1.059375,22,Iris
16,Genético,"pop_size: 50, cross_ratio: 0.95, mut_ratio: 0.1",253.38256324787494,1.9505682534727593,1.08125,22,Iris
17,Genético,"pop_size: 50, cross_ratio: 0.95, mut_ratio: 0.2",253.3773801240649,1.8583074053115254,1.0578125,22,Iris
0,Grasp,"numIter: 20, numBest: 5",251.33231982599872,0.3718011903584098,1.10625,22,Iris
1,Grasp,"numIter: 20, numBest: 10",252.28559524470566,0.7512563808306536,1.1296875,22,Iris
2,Grasp,"numIter: 20, numBest: 15",254.08312751714894,0.014228046621914812,1.0609375,22,Iris
3,Grasp,"numIter: 50, numBest: 5",251.91746837891424,0.00046889069463418304,1.1109375,22,Iris
4,Grasp,"numIter: 50, numBest: 10",254.08787019935622,2.842170943040401e-14,1.075,22,Iris
5,Grasp,"numIter: 50, numBest: 15",254.08787019935622,2.842170943040401e-14,1.0828125,22,Iris
6,Grasp,"numIter: 100, numBest: 5",254.08787019935622,2.842170943040401e-14,1.0375,22,Iris
7,Grasp,"numIter: 100, numBest: 10",254.08787019935622,2.842170943040401e-14,1.075,22,Iris
8,Grasp,"numIter: 100, numBest: 15",254.08787019935622,2.842170943040401e-14,1.0625,22,Iris
9,Grasp,"numIter: 200, numBest: 5",254.08787019935622,2.842170943040401e-14,1.034375,22,Iris
10,Grasp,"numIter: 200, numBest: 10",254.08787019935622,2.842170943040401e-14,1.08125,22,Iris
11,Grasp,"numIter: 200, numBest: 15",254.08787019935622,2.842170943040401e-14,1.071875,22,Iris
12,Grasp,"numIter: 350, numBest: 5",254.08787019935622,2.842170943040401e-14,1.0328125,22,Iris
13,Grasp,"numIter: 350, numBest: 10",254.08787019935622,2.842170943040401e-14,1.071875,22,Iris
14,Grasp,"numIter: 350, numBest: 15",254.08787019935622,2.842170943040401e-14,1.0796875,22,Iris
15,Grasp,"numIter: 500, numBest: 5",254.08787019935622,2.842170943040401e-14,1.0375,22,Iris
16,Grasp,"numIter: 500, numBest: 10",254.08787019935622,2.842170943040401e-14,1.0734375,22,Iris
17,Grasp,"numIter: 500, numBest: 15",254.08787019935622,2.842170943040401e-14,1.05625,22,Iris
0,Simulated Annealing,"t: 500, alfa: 0.95, iter_max: 350",45107.30768924565,369.6409011452834,1.015625,2,Wine
1,Simulated Annealing,"t: 500, alfa: 0.95, iter_max: 500",45411.20835342172,386.43582452198007,1.015625,2,Wine
2,Simulated Annealing,"t: 500, alfa: 0.85, iter_max: 350",45272.79900338575,384.29186046124045,1.015625,2,Wine
3,Simulated Annealing,"t: 500, alfa: 0.85, iter_max: 500",45154.353836173934,303.5845364647216,1.015625,2,Wine
4,Simulated Annealing,"t: 500, alfa: 0.7, iter_max: 350",45304.111692246894,330.85325117325226,1.015625,2,Wine
5,Simulated Annealing,"t: 500, alfa: 0.7, iter_max: 500",45458.38196086515,271.40816524461326,1.015625,2,Wine
6,Simulated Annealing,"t: 100, alfa: 0.95, iter_max: 350",45386.70352757462,574.2739192479727,1.015625,2,Wine
7,Simulated Annealing,"t: 100, alfa: 0.95, iter_max: 500",45475.4647263621,292.89744383435345,1.015625,2,Wine
8,Simulated Annealing,"t: 100, alfa: 0.85, iter_max: 350",45263.617262470725,486.7290457020628,1.015625,2,Wine
9,Simulated Annealing,"t: 100, alfa: 0.85, iter_max: 500",45321.781335269145,655.9437378114815,1.015625,2,Wine
10,Simulated Annealing,"t: 100, alfa: 0.7, iter_max: 350",45248.027605809635,615.2368341382984,1.015625,2,Wine
11,Simulated Annealing,"t: 100, alfa: 0.7, iter_max: 500",45245.52290397412,500.5300461274986,1.015625,2,Wine
12,Simulated Annealing,"t: 50, alfa: 0.95, iter_max: 350",45308.749278673335,497.0188643442272,1.015625,2,Wine
13,Simulated Annealing,"t: 50, alfa: 0.95, iter_max: 500",45248.559964640524,404.2543432836494,1.015625,2,Wine
14,Simulated Annealing,"t: 50, alfa: 0.85, iter_max: 350",45496.35087102107,414.16463455175244,1.015625,2,Wine
15,Simulated Annealing,"t: 50, alfa: 0.85, iter_max: 500",44885.95993094998,681.4634769619823,1.015625,2,Wine
16,Simulated Annealing,"t: 50, alfa: 0.7, iter_max: 350",45505.00278595199,288.1459795751738,1.015625,2,Wine
17,Simulated Annealing,"t: 50, alfa: 0.7, iter_max: 500",44984.840953657884,605.5188610534158,1.015625,2,Wine
0,Genético,"pop_size: 10, cross_ratio: 0.75, mut_ratio: 0.1",45244.87247360605,394.06676555254984,1.015625,2,Wine
1,Genético,"pop_size: 10, cross_ratio: 0.75, mut_ratio: 0.2",45176.71230235163,275.4288134506956,1.021875,2,Wine
2,Genético,"pop_size: 10, cross_ratio: 0.85, mut_ratio: 0.1",45465.823839944984,232.707294123328,1.015625,2,Wine
3,Genético,"pop_size: 10, cross_ratio: 0.85, mut_ratio: 0.2",45044.19006741768,295.3093677913677,1.0234375,2,Wine
4,Genético,"pop_size: 10, cross_ratio: 0.95, mut_ratio: 0.1",45485.901218016006,235.5278468116842,1.015625,2,Wine
5,Genético,"pop_size: 10, cross_ratio: 0.95, mut_ratio: 0.2",45452.414815397606,270.8772078467117,1.015625,2,Wine
6,Genético,"pop_size: 30, cross_ratio: 0.75, mut_ratio: 0.1",46038.38155697007,114.74359416137195,1.04375,2,Wine
7,Genético,"pop_size: 30, cross_ratio: 0.75, mut_ratio: 0.2",45937.39598271622,114.3428163642547,1.034375,2,Wine
8,Genético,"pop_size: 30, cross_ratio: 0.85, mut_ratio: 0.1",45986.82062978105,113.74956551102723,1.0375,2,Wine
9,Genético,"pop_size: 30, cross_ratio: 0.85, mut_ratio: 0.2",45990.61188163255,70.37997705166255,1.0390625,2,Wine
10,Genético,"pop_size: 30, cross_ratio: 0.95, mut_ratio: 0.1",46047.30851794644,68.66361421921054,1.0453125,2,Wine
11,Genético,"pop_size: 30, cross_ratio: 0.95, mut_ratio: 0.2",45965.08655055186,66.21340150549847,1.0359375,2,Wine
12,Genético,"pop_size: 50, cross_ratio: 0.75, mut_ratio: 0.1",46085.02147417421,86.57491875343744,1.0578125,2,Wine
13,Genético,"pop_size: 50, cross_ratio: 0.75, mut_ratio: 0.2",46098.08946890568,36.68839885322823,1.040625,2,Wine
14,Genético,"pop_size: 50, cross_ratio: 0.85, mut_ratio: 0.1",46066.713946567725,53.32831881283247,1.05625,2,Wine
15,Genético,"pop_size: 50, cross_ratio: 0.85, mut_ratio: 0.2",46072.94469738865,33.27056085152025,1.0640625,2,Wine
16,Genético,"pop_size: 50, cross_ratio: 0.95, mut_ratio: 0.1",46094.22961697304,79.80044989343816,1.0765625,2,Wine
17,Genético,"pop_size: 50, cross_ratio: 0.95, mut_ratio: 0.2",46029.423514861555,91.28337909204865,1.04375,2,Wine
0,Grasp,"numIter: 20, numBest: 5",46271.81284817327,7.275957614183426e-12,1.003125,2,Wine
1,Grasp,"numIter: 20, numBest: 10",46232.33520611521,0.0,1.0453125,2,Wine
2,Grasp,"numIter: 20, numBest: 15",46194.44371687055,24.382318806502944,1.040625,2,Wine
3,Grasp,"numIter: 50, numBest: 5",46271.81284817327,7.275957614183426e-12,1.028125,2,Wine
4,Grasp,"numIter: 50, numBest: 10",46267.86508396747,11.843292617420229,1.0375,2,Wine
5,Grasp,"numIter: 50, numBest: 15",46255.32889141531,7.275957614183426e-12,1.05,2,Wine
6,Grasp,"numIter: 100, numBest: 5",46271.81284817327,7.275957614183426e-12,1.0234375,2,Wine
7,Grasp,"numIter: 100, numBest: 10",46271.81284817327,7.275957614183426e-12,1.040625,2,Wine
8,Grasp,"numIter: 100, numBest: 15",46255.32889141531,7.275957614183426e-12,1.040625,2,Wine
9,Grasp,"numIter: 200, numBest: 5",46271.81284817327,7.275957614183426e-12,1.0203125,2,Wine
10,Grasp,"numIter: 200, numBest: 10",46271.81284817327,7.275957614183426e-12,1.028125,2,Wine
11,Grasp,"numIter: 200, numBest: 15",46255.32889141531,7.275957614183426e-12,1.04375,2,Wine
12,Grasp,"numIter: 350, numBest: 5",46271.81284817327,7.275957614183426e-12,1.0234375,2,Wine
13,Grasp,"numIter: 350, numBest: 10",46271.81284817327,7.275957614183426e-12,1.0359375,2,Wine
14,Grasp,"numIter: 350, numBest: 15",46255.32889141531,7.275957614183426e-12,1.053125,2,Wine
15,Grasp,"numIter: 500, numBest: 5",46271.81284817327,7.275957614183426e-12,1.025,2,Wine
16,Grasp,"numIter: 500, numBest: 10",46271.81284817327,7.275957614183426e-12,1.0359375,2,Wine
17,Grasp,"numIter: 500, numBest: 15",46255.32889141531,7.275957614183426e-12,1.0515625,2,Wine
0,Simulated Annealing,"t: 500, alfa: 0.95, iter_max: 350",44758.92374932363,509.67967108243596,1.015625,6,Wine
1,Simulated Annealing,"t: 500, alfa: 0.95, iter_max: 500",44497.36011408564,557.3260392599551,1.015625,6,Wine
2,Simulated Annealing,"t: 500, alfa: 0.85, iter_max: 350",44450.96869454973,569.9380203078344,1.015625,6,Wine
3,Simulated Annealing,"t: 500, alfa: 0.85, iter_max: 500",43798.626763404965,753.9307463520154,1.015625,6,Wine
4,Simulated Annealing,"t: 500, alfa: 0.7, iter_max: 350",44508.743364032955,616.6352147299734,1.015625,6,Wine
5,Simulated Annealing,"t: 500, alfa: 0.7, iter_max: 500",44596.50349615143,462.9358427449001,1.015625,6,Wine
6,Simulated Annealing,"t: 100, alfa: 0.95, iter_max: 350",44378.54948584207,653.0818721331162,1.015625,6,Wine
7,Simulated Annealing,"t: 100, alfa: 0.95, iter_max: 500",44074.76082140049,456.0396991182651,1.015625,6,Wine
8,Simulated Annealing,"t: 100, alfa: 0.85, iter_max: 350",44151.94250749016,574.1328249671205,1.015625,6,Wine
9,Simulated Annealing,"t: 100, alfa: 0.85, iter_max: 500",44379.14263708315,543.3031624581547,1.015625,6,Wine
10,Simulated Annealing,"t: 100, alfa: 0.7, iter_max: 350",44185.61245661706,518.6444637536837,1.015625,6,Wine
11,Simulated Annealing,"t: 100, alfa: 0.7, iter_max: 500",44402.40305811922,754.3280217705977,1.015625,6,Wine
12,Simulated Annealing,"t: 50, alfa: 0.95, iter_max: 350",44148.12154356191,872.4932321677969,1.015625,6,Wine
13,Simulated Annealing,"t: 50, alfa: 0.95, iter_max: 500",44171.36809986409,689.8973812721359,1.015625,6,Wine
14,Simulated Annealing,"t: 50, alfa: 0.85, iter_max: 350",44089.91562219737,629.4714880351673,1.015625,6,Wine
15,Simulated Annealing,"t: 50, alfa: 0.85, iter_max: 500",44638.79393892175,316.12460915883446,1.015625,6,Wine
16,Simulated Annealing,"t: 50, alfa: 0.7, iter_max: 350",44470.09358211198,546.2342129738311,1.015625,6,Wine
17,Simulated Annealing,"t: 50, alfa: 0.7, iter_max: 500",44190.997426896225,645.9075321187377,1.015625,6,Wine
0,Genético,"pop_size: 10, cross_ratio: 0.75, mut_ratio: 0.1",45061.71762321198,259.8039224561279,1.015625,6,Wine
1,Genético,"pop_size: 10, cross_ratio: 0.75, mut_ratio: 0.2",44572.021708860426,387.13326075691293,1.015625,6,Wine
2,Genético,"pop_size: 10, cross_ratio: 0.85, mut_ratio: 0.1",45198.52326580686,192.44363391249556,1.0171875,6,Wine
3,Genético,"pop_size: 10, cross_ratio: 0.85, mut_ratio: 0.2",44798.17415375252,308.8448136811855,1.01875,6,Wine
4,Genético,"pop_size: 10, cross_ratio: 0.95, mut_ratio: 0.1",45247.84077510949,144.76696377770023,1.01875,6,Wine
5,Genético,"pop_size: 10, cross_ratio: 0.95, mut_ratio: 0.2",44852.61200154685,260.174764359609,1.01875,6,Wine
6,Genético,"pop_size: 30, cross_ratio: 0.75, mut_ratio: 0.1",45648.26876801875,106.02482329974113,1.0328125,6,Wine
7,Genético,"pop_size: 30, cross_ratio: 0.75, mut_ratio: 0.2",45592.58425271361,142.67331161668142,1.0421875,6,Wine
8,Genético,"pop_size: 30, cross_ratio: 0.85, mut_ratio: 0.1",45681.88289147722,144.49176188471884,1.0328125,6,Wine
9,Genético,"pop_size: 30, cross_ratio: 0.85, mut_ratio: 0.2",45577.79392488941,187.45290143422326,1.034375,6,Wine
10,Genético,"pop_size: 30, cross_ratio: 0.95, mut_ratio: 0.1",45754.38937993553,126.59994146143298,1.0375,6,Wine
11,Genético,"pop_size: 30, cross_ratio: 0.95, mut_ratio: 0.2",45680.37058262314,113.05256605318154,1.0375,6,Wine
12,Genético,"pop_size: 50, cross_ratio: 0.75, mut_ratio: 0.1",45685.76770824938,114.41454768435007,1.075,6,Wine
13,Genético,"pop_size: 50, cross_ratio: 0.75, mut_ratio: 0.2",45722.40742220953,101.69541343394796,1.0875,6,Wine
14,Genético,"pop_size: 50, cross_ratio: 0.85, mut_ratio: 0.1",45777.0964538601,94.46717681209849,1.0640625,6,Wine
15,Genético,"pop_size: 50, cross_ratio: 0.85, mut_ratio: 0.2",45707.64680872088,136.80083220659753,1.0953125,6,Wine
16,Genético,"pop_size: 50, cross_ratio: 0.95, mut_ratio: 0.1",45816.46951867313,82.94262963398819,1.0859375,6,Wine
17,Genético,"pop_size: 50, cross_ratio: 0.95, mut_ratio: 0.2",45715.26364122979,120.16574903564184,1.0515625,6,Wine
0,Grasp,"numIter: 20, numBest: 5",45973.234707552474,6.914420603683914,1.0484375,6,Wine
1,Grasp,"numIter: 20, numBest: 10",45982.214711789464,7.275957614183426e-12,1.065625,6,Wine
2,Grasp,"numIter: 20, numBest: 15",45904.51071570266,54.84849529284942,1.046875,6,Wine
3,Grasp,"numIter: 50, numBest: 5",46008.48034280537,4.364565846740152,1.034375,6,Wine
4,Grasp,"numIter: 50, numBest: 10",46023.96122036036,0.0,1.034375,6,Wine
5,Grasp,"numIter: 50, numBest: 15",45935.35781502931,7.275957614183426e-12,1.075,6,Wine
6,Grasp,"numIter: 100, numBest: 5",46023.96122036036,0.0,1.0375,6,Wine
7,Grasp,"numIter: 100, numBest: 10",46023.96122036036,0.0,1.0203125,6,Wine
8,Grasp,"numIter: 100, numBest: 15",45935.35781502931,7.275957614183426e-12,1.0625,6,Wine
9,Grasp,"numIter: 200, numBest: 5",46023.96122036036,0.0,1.03125,6,Wine
10,Grasp,"numIter: 200, numBest: 10",46023.96122036036,0.0,1.025,6,Wine
11,Grasp,"numIter: 200, numBest: 15",45935.35781502931,7.275957614183426e-12,1.0671875,6,Wine
12,Grasp,"numIter: 350, numBest: 5",46023.96122036036,0.0,1.0359375,6,Wine
13,Grasp,"numIter: 350, numBest: 10",46023.96122036036,0.0,1.025,6,Wine
14,Grasp,"numIter: 350, numBest: 15",45935.35781502931,7.275957614183426e-12,1.075,6,Wine
15,Grasp,"numIter: 500, numBest: 5",46023.96122036036,0.0,1.034375,6,Wine
16,Grasp,"numIter: 500, numBest: 10",46023.96122036036,0.0,1.0359375,6,Wine
17,Grasp,"numIter: 500, numBest: 15",45935.35781502931,7.275957614183426e-12,1.0671875,6,Wine
0,Simulated Annealing,"t: 500, alfa: 0.95, iter_max: 350",43156.9019086109,748.6718713255327,1.015625,9,Wine
1,Simulated Annealing,"t: 500, alfa: 0.95, iter_max: 500",43507.78157850042,520.7633130907776,1.015625,9,Wine
2,Simulated Annealing,"t: 500, alfa: 0.85, iter_max: 350",43587.68340992373,743.0223256624466,1.015625,9,Wine
3,Simulated Annealing,"t: 500, alfa: 0.85, iter_max: 500",43515.414679386995,437.1448470759656,1.015625,9,Wine
4,Simulated Annealing,"t: 500, alfa: 0.7, iter_max: 350",43472.74841485806,640.866631857573,1.015625,9,Wine
5,Simulated Annealing,"t: 500, alfa: 0.7, iter_max: 500",43676.1727867611,434.4277069722977,1.015625,9,Wine
6,Simulated Annealing,"t: 100, alfa: 0.95, iter_max: 350",43575.39325074224,442.26333993044597,1.015625,9,Wine
7,Simulated Annealing,"t: 100, alfa: 0.95, iter_max: 500",43346.05068648632,547.8225646526859,1.015625,9,Wine
8,Simulated Annealing,"t: 100, alfa: 0.85, iter_max: 350",43390.74247059078,424.3704846649245,1.015625,9,Wine
9,Simulated Annealing,"t: 100, alfa: 0.85, iter_max: 500",43218.30609536537,744.2422302168338,1.015625,9,Wine
10,Simulated Annealing,"t: 100, alfa: 0.7, iter_max: 350",43426.57689493451,380.8887489379556,1.015625,9,Wine
11,Simulated Annealing,"t: 100, alfa: 0.7, iter_max: 500",43499.413618785366,517.1931094112493,1.015625,9,Wine
12,Simulated Annealing,"t: 50, alfa: 0.95, iter_max: 350",43885.760605071315,470.70792923093586,1.015625,9,Wine
13,Simulated Annealing,"t: 50, alfa: 0.95, iter_max: 500",43501.20182555152,710.8256906393192,1.015625,9,Wine
14,Simulated Annealing,"t: 50, alfa: 0.85, iter_max: 350",43071.64869248496,673.263971812776,1.015625,9,Wine
15,Simulated Annealing,"t: 50, alfa: 0.85, iter_max: 500",43669.63121450456,622.3953917594281,1.015625,9,Wine
16,Simulated Annealing,"t: 50, alfa: 0.7, iter_max: 350",43466.457461538856,527.8181980312642,1.015625,9,Wine
17,Simulated Annealing,"t: 50, alfa: 0.7, iter_max: 500",43416.6939844523,726.4785911376914,1.015625,9,Wine
0,Genético,"pop_size: 10, cross_ratio: 0.75, mut_ratio: 0.1",43526.88840412252,358.7883297503719,1.0171875,9,Wine
1,Genético,"pop_size: 10, cross_ratio: 0.75, mut_ratio: 0.2",43237.08572722455,490.1105027463058,1.0171875,9,Wine
2,Genético,"pop_size: 10, cross_ratio: 0.85, mut_ratio: 0.1",43631.69358125875,470.50870524338876,1.015625,9,Wine
3,Genético,"pop_size: 10, cross_ratio: 0.85, mut_ratio: 0.2",43607.52753582028,311.687144657423,1.0171875,9,Wine
4,Genético,"pop_size: 10, cross_ratio: 0.95, mut_ratio: 0.1",43790.9743531432,311.5704453529866,1.01875,9,Wine
5,Genético,"pop_size: 10, cross_ratio: 0.95, mut_ratio: 0.2",43568.67261826024,311.62195649194564,1.0203125,9,Wine
6,Genético,"pop_size: 30, cross_ratio: 0.75, mut_ratio: 0.1",44299.140990230415,153.18935271506757,1.0390625,9,Wine
7,Genético,"pop_size: 30, cross_ratio: 0.75, mut_ratio: 0.2",44049.96933126391,303.27893914607574,1.040625,9,Wine
8,Genético,"pop_size: 30, cross_ratio: 0.85, mut_ratio: 0.1",44333.50897728373,207.9977419194686,1.0421875,9,Wine
9,Genético,"pop_size: 30, cross_ratio: 0.85, mut_ratio: 0.2",44150.32191354325,206.75162486452726,1.03125,9,Wine
10,Genético,"pop_size: 30, cross_ratio: 0.95, mut_ratio: 0.1",44371.94649419871,147.66612056741286,1.0421875,9,Wine
11,Genético,"pop_size: 30, cross_ratio: 0.95, mut_ratio: 0.2",44228.74345926278,142.45427568032358,1.046875,9,Wine
12,Genético,"pop_size: 50, cross_ratio: 0.75, mut_ratio: 0.1",44320.15154306432,127.6068802742225,1.0609375,9,Wine
13,Genético,"pop_size: 50, cross_ratio: 0.75, mut_ratio: 0.2",44303.99685040888,104.69358060225962,1.0765625,9,Wine
14,Genético,"pop_size: 50, cross_ratio: 0.85, mut_ratio: 0.1",44379.25620271715,168.8219662178834,1.0671875,9,Wine
15,Genético,"pop_size: 50, cross_ratio: 0.85, mut_ratio: 0.2",44389.55186753208,131.15739996929528,1.0703125,9,Wine
16,Genético,"pop_size: 50, cross_ratio: 0.95, mut_ratio: 0.1",44301.34702826869,155.7041391542688,1.0703125,9,Wine
17,Genético,"pop_size: 50, cross_ratio: 0.95, mut_ratio: 0.2",44379.12295903622,109.4027441646343,1.08125,9,Wine
0,Grasp,"numIter: 20, numBest: 5",44426.29846277241,7.275957614183426e-12,1.0609375,9,Wine
1,Grasp,"numIter: 20, numBest: 10",44434.54137975799,13.7823733639677,1.075,9,Wine
2,Grasp,"numIter: 20, numBest: 15",44501.6724965649,7.275957614183426e-12,1.0921875,9,Wine
3,Grasp,"numIter: 50, numBest: 5",44457.74112104467,43.190133659932606,1.046875,9,Wine
4,Grasp,"numIter: 50, numBest: 10",44572.9332574687,7.275957614183426e-12,1.0421875,9,Wine
5,Grasp,"numIter: 50, numBest: 15",44501.6724965649,7.275957614183426e-12,1.0734375,9,Wine
6,Grasp,"numIter: 100, numBest: 5",44572.9332574687,7.275957614183426e-12,1.040625,9,Wine
7,Grasp,"numIter: 100, numBest: 10",44572.9332574687,7.275957614183426e-12,1.0375,9,Wine
8,Grasp,"numIter: 100, numBest: 15",44501.6724965649,7.275957614183426e-12,1.08125,9,Wine
9,Grasp,"numIter: 200, numBest: 5",44572.9332574687,7.275957614183426e-12,1.034375,9,Wine
10,Grasp,"numIter: 200, numBest: 10",44572.9332574687,7.275957614183426e-12,1.0203125,9,Wine
11,Grasp,"numIter: 200, numBest: 15",44501.6724965649,7.275957614183426e-12,1.071875,9,Wine
12,Grasp,"numIter: 350, numBest: 5",44572.9332574687,7.275957614183426e-12,1.0375,9,Wine
13,Grasp,"numIter: 350, numBest: 10",44572.9332574687,7.275957614183426e-12,1.0390625,9,Wine
14,Grasp,"numIter: 350, numBest: 15",44501.6724965649,7.275957614183426e-12,1.0703125,9,Wine
15,Grasp,"numIter: 500, numBest: 5",44572.9332574687,7.275957614183426e-12,1.05,9,Wine
16,Grasp,"numIter: 500, numBest: 10",44572.9332574687,7.275957614183426e-12,1.0265625,9,Wine
17,Grasp,"numIter: 500, numBest: 15",44501.6724965649,7.275957614183426e-12,1.078125,9,Wine
0,Simulated Annealing,"t: 500, alfa: 0.95, iter_max: 350",42621.86571682358,818.553781407259,1.015625,11,Wine
1,Simulated Annealing,"t: 500, alfa: 0.95, iter_max: 500",42677.970474678776,908.5795794927913,1.015625,11,Wine
2,Simulated Annealing,"t: 500, alfa: 0.85, iter_max: 350",43037.82784388019,366.1206753682103,1.015625,11,Wine
3,Simulated Annealing,"t: 500, alfa: 0.85, iter_max: 500",42889.72390203481,471.5290048394225,1.015625,11,Wine
4,Simulated Annealing,"t: 500, alfa: 0.7, iter_max: 350",42852.18724961205,818.5161312464539,1.015625,11,Wine
5,Simulated Annealing,"t: 500, alfa: 0.7, iter_max: 500",43117.57788281543,722.2316814184143,1.015625,11,Wine
6,Simulated Annealing,"t: 100, alfa: 0.95, iter_max: 350",42908.401743037066,516.8800109661717,1.015625,11,Wine
7,Simulated Annealing,"t: 100, alfa: 0.95, iter_max: 500",43119.19490923385,425.9407431499773,1.015625,11,Wine
8,Simulated Annealing,"t: 100, alfa: 0.85, iter_max: 350",42354.150370448886,1254.0893128028054,1.015625,11,Wine
9,Simulated Annealing,"t: 100, alfa: 0.85, iter_max: 500",42803.42480455902,597.6098687356515,1.015625,11,Wine
10,Simulated Annealing,"t: 100, alfa: 0.7, iter_max: 350",42643.9008021813,796.7969833647473,1.015625,11,Wine
11,Simulated Annealing,"t: 100, alfa: 0.7, iter_max: 500",43020.8189717079,660.4911566899575,1.015625,11,Wine
12,Simulated Annealing,"t: 50, alfa: 0.95, iter_max: 350",42679.7564528954,943.7905955754463,1.015625,11,Wine
13,Simulated Annealing,"t: 50, alfa: 0.95, iter_max: 500",42634.85426972392,885.2588117077705,1.015625,11,Wine
14,Simulated Annealing,"t: 50, alfa: 0.85, iter_max: 350",43055.09696603731,516.4221321327659,1.015625,11,Wine
15,Simulated Annealing,"t: 50, alfa: 0.85, iter_max: 500",42980.214196954286,544.0066706562803,1.015625,11,Wine
16,Simulated Annealing,"t: 50, alfa: 0.7, iter_max: 350",42573.640500137306,548.1286097882966,1.015625,11,Wine
17,Simulated Annealing,"t: 50, alfa: 0.7, iter_max: 500",43011.810351930864,497.50958176013546,1.015625,11,Wine
0,Genético,"pop_size: 10, cross_ratio: 0.75, mut_ratio: 0.1",42287.97218223591,456.0391269317059,1.015625,11,Wine
1,Genético,"pop_size: 10, cross_ratio: 0.75, mut_ratio: 0.2",42209.33847733694,527.50445729056,1.0171875,11,Wine
2,Genético,"pop_size: 10, cross_ratio: 0.85, mut_ratio: 0.1",42552.13108266772,407.8546006360334,1.0203125,11,Wine
3,Genético,"pop_size: 10, cross_ratio: 0.85, mut_ratio: 0.2",42233.325292482055,444.76313831244926,1.021875,11,Wine
4,Genético,"pop_size: 10, cross_ratio: 0.95, mut_ratio: 0.1",42730.00484538849,328.92020511814104,1.0171875,11,Wine
5,Genético,"pop_size: 10, cross_ratio: 0.95, mut_ratio: 0.2",42265.44028274923,533.4717177274422,1.021875,11,Wine
6,Genético,"pop_size: 30, cross_ratio: 0.75, mut_ratio: 0.1",43258.93842083236,269.55102180722787,1.04375,11,Wine
7,Genético,"pop_size: 30, cross_ratio: 0.75, mut_ratio: 0.2",43124.68062196174,383.955087061632,1.046875,11,Wine
8,Genético,"pop_size: 30, cross_ratio: 0.85, mut_ratio: 0.1",43195.77339737556,273.01863929878107,1.03125,11,Wine
9,Genético,"pop_size: 30, cross_ratio: 0.85, mut_ratio: 0.2",43250.472434222356,249.34998891318403,1.0375,11,Wine
10,Genético,"pop_size: 30, cross_ratio: 0.95, mut_ratio: 0.1",43326.02309117663,308.29433773356254,1.0453125,11,Wine
11,Genético,"pop_size: 30, cross_ratio: 0.95, mut_ratio: 0.2",42994.6366283963,240.33136406050642,1.0390625,11,Wine
12,Genético,"pop_size: 50, cross_ratio: 0.75, mut_ratio: 0.1",43129.40552637367,217.62844272839803,1.0546875,11,Wine
13,Genético,"pop_size: 50, cross_ratio: 0.75, mut_ratio: 0.2",43173.95072683465,213.95228465269926,1.0515625,11,Wine
14,Genético,"pop_size: 50, cross_ratio: 0.85, mut_ratio: 0.1",43374.029197327334,121.14137370488338,1.0640625,11,Wine
15,Genético,"pop_size: 50, cross_ratio: 0.85, mut_ratio: 0.2",43175.32756258954,294.0280832236105,1.0703125,11,Wine
16,Genético,"pop_size: 50, cross_ratio: 0.95, mut_ratio: 0.1",43309.01649463816,208.39414092214156,1.05,11,Wine
17,Genético,"pop_size: 50, cross_ratio: 0.95, mut_ratio: 0.2",43227.87665638127,185.55659709634693,1.0703125,11,Wine
0,Grasp,"numIter: 20, numBest: 5",43667.63329561431,24.640263703534906,1.0546875,11,Wine
1,Grasp,"numIter: 20, numBest: 10",43735.382710197344,39.88889540417949,1.0921875,11,Wine
2,Grasp,"numIter: 20, numBest: 15",43441.16369386552,0.0,1.071875,11,Wine
3,Grasp,"numIter: 50, numBest: 5",43705.267892356205,0.0,1.05625,11,Wine
4,Grasp,"numIter: 50, numBest: 10",43804.624044449694,0.0,1.0609375,11,Wine
5,Grasp,"numIter: 50, numBest: 15",43441.16369386552,0.0,1.078125,11,Wine
6,Grasp,"numIter: 100, numBest: 5",43804.624044449694,0.0,1.0484375,11,Wine
7,Grasp,"numIter: 100, numBest: 10",43804.624044449694,0.0,1.0671875,11,Wine
8,Grasp,"numIter: 100, numBest: 15",43441.16369386552,0.0,1.0734375,11,Wine
9,Grasp,"numIter: 200, numBest: 5",43804.624044449694,0.0,1.040625,11,Wine
10,Grasp,"numIter: 200, numBest: 10",43804.624044449694,0.0,1.0703125,11,Wine
11,Grasp,"numIter: 200, numBest: 15",43441.16369386552,0.0,1.0859375,11,Wine
12,Grasp,"numIter: 350, numBest: 5",43804.624044449694,0.0,1.0390625,11,Wine
13,Grasp,"numIter: 350, numBest: 10",43804.624044449694,0.0,1.059375,11,Wine
14,Grasp,"numIter: 350, numBest: 15",43441.16369386552,0.0,1.075,11,Wine
15,Grasp,"numIter: 500, numBest: 5",43804.624044449694,0.0,1.0359375,11,Wine
16,Grasp,"numIter: 500, numBest: 10",43804.624044449694,0.0,1.065625,11,Wine
17,Grasp,"numIter: 500, numBest: 15",43441.16369386552,0.0,1.065625,11,Wine
0,Simulated Annealing,"t: 500, alfa: 0.95, iter_max: 350",38903.04663680761,830.6798116868149,1.015625,33,Wine
1,Simulated Annealing,"t: 500, alfa: 0.95, iter_max: 500",37895.05580705757,1154.6653339570053,1.015625,33,Wine
2,Simulated Annealing,"t: 500, alfa: 0.85, iter_max: 350",38723.34806803403,672.600417215442,1.015625,33,Wine
3,Simulated Annealing,"t: 500, alfa: 0.85, iter_max: 500",38552.02307139499,938.6053535056917,1.015625,33,Wine
4,Simulated Annealing,"t: 500, alfa: 0.7, iter_max: 350",38285.96224859152,587.7395370928725,1.015625,33,Wine
5,Simulated Annealing,"t: 500, alfa: 0.7, iter_max: 500",38396.80024996195,842.2968167452303,1.0171875,33,Wine
6,Simulated Annealing,"t: 100, alfa: 0.95, iter_max: 350",38245.85806949679,1410.7157712126095,1.015625,33,Wine
7,Simulated Annealing,"t: 100, alfa: 0.95, iter_max: 500",38607.78115487348,646.0452191571211,1.015625,33,Wine
8,Simulated Annealing,"t: 100, alfa: 0.85, iter_max: 350",38527.55618240508,661.1632001372559,1.015625,33,Wine
9,Simulated Annealing,"t: 100, alfa: 0.85, iter_max: 500",38348.189365251026,1134.6976826040386,1.015625,33,Wine
10,Simulated Annealing,"t: 100, alfa: 0.7, iter_max: 350",38701.71179559758,594.8109124164575,1.015625,33,Wine
11,Simulated Annealing,"t: 100, alfa: 0.7, iter_max: 500",37970.03551315463,1037.4760102168652,1.015625,33,Wine
12,Simulated Annealing,"t: 50, alfa: 0.95, iter_max: 350",37856.09161202367,1006.085407774803,1.015625,33,Wine
13,Simulated Annealing,"t: 50, alfa: 0.95, iter_max: 500",38236.514157807396,1100.5905919638008,1.015625,33,Wine
14,Simulated Annealing,"t: 50, alfa: 0.85, iter_max: 350",37863.86554181271,1131.9051513735794,1.015625,33,Wine
15,Simulated Annealing,"t: 50, alfa: 0.85, iter_max: 500",37739.03980625609,1026.177542164378,1.015625,33,Wine
16,Simulated Annealing,"t: 50, alfa: 0.7, iter_max: 350",38009.546970954936,466.48464440207107,1.015625,33,Wine
17,Simulated Annealing,"t: 50, alfa: 0.7, iter_max: 500",38632.183994432395,1229.287077460886,1.015625,33,Wine
0,Genético,"pop_size: 10, cross_ratio: 0.75, mut_ratio: 0.1",38322.852622112194,411.33449192652915,1.01875,33,Wine
1,Genético,"pop_size: 10, cross_ratio: 0.75, mut_ratio: 0.2",37887.43521638123,486.8477527592601,1.0203125,33,Wine
2,Genético,"pop_size: 10, cross_ratio: 0.85, mut_ratio: 0.1",38741.15047897723,521.1778879581497,1.0203125,33,Wine
3,Genético,"pop_size: 10, cross_ratio: 0.85, mut_ratio: 0.2",37775.516137840925,691.8503017868959,1.028125,33,Wine
4,Genético,"pop_size: 10, cross_ratio: 0.95, mut_ratio: 0.1",38475.23735420548,392.2239903260373,1.0234375,33,Wine
5,Genético,"pop_size: 10, cross_ratio: 0.95, mut_ratio: 0.2",38461.27145637336,266.0218709567392,1.0203125,33,Wine
6,Genético,"pop_size: 30, cross_ratio: 0.75, mut_ratio: 0.1",38992.44904256515,423.8086574569758,1.0515625,33,Wine
7,Genético,"pop_size: 30, cross_ratio: 0.75, mut_ratio: 0.2",38752.60733514947,443.03007979884626,1.040625,33,Wine
8,Genético,"pop_size: 30, cross_ratio: 0.85, mut_ratio: 0.1",39027.14630171755,232.2650661572376,1.0625,33,Wine
9,Genético,"pop_size: 30, cross_ratio: 0.85, mut_ratio: 0.2",38950.87835459395,413.06631509984334,1.053125,33,Wine
10,Genético,"pop_size: 30, cross_ratio: 0.95, mut_ratio: 0.1",38951.125660045975,366.7230837914284,1.071875,33,Wine
11,Genético,"pop_size: 30, cross_ratio: 0.95, mut_ratio: 0.2",39149.96639614711,279.16918785063194,1.0671875,33,Wine
12,Genético,"pop_size: 50, cross_ratio: 0.75, mut_ratio: 0.1",39251.96371557824,161.86019619555088,1.0640625,33,Wine
13,Genético,"pop_size: 50, cross_ratio: 0.75, mut_ratio: 0.2",39228.14619210191,204.4845809030871,1.0453125,33,Wine
14,Genético,"pop_size: 50, cross_ratio: 0.85, mut_ratio: 0.1",39018.43859931788,271.49484628380026,1.0703125,33,Wine
15,Genético,"pop_size: 50, cross_ratio: 0.85, mut_ratio: 0.2",39116.96564929512,236.68559793855528,1.084375,33,Wine
16,Genético,"pop_size: 50, cross_ratio: 0.95, mut_ratio: 0.1",39132.70437643699,260.6113513250606,1.1046875,33,Wine
17,Genético,"pop_size: 50, cross_ratio: 0.95, mut_ratio: 0.2",39298.10571030411,324.6984984498489,1.09375,33,Wine
0,Grasp,"numIter: 20, numBest: 5",38967.58270844009,37.782241764853104,1.065625,33,Wine
1,Grasp,"numIter: 20, numBest: 10",39033.856805820564,35.64251984734894,1.1265625,33,Wine
2,Grasp,"numIter: 20, numBest: 15",39060.23202647534,7.275957614183426e-12,1.2046875,33,Wine
3,Grasp,"numIter: 50, numBest: 5",39060.23202647534,7.275957614183426e-12,1.090625,33,Wine
4,Grasp,"numIter: 50, numBest: 10",39060.23202647534,7.275957614183426e-12,1.0703125,33,Wine
5,Grasp,"numIter: 50, numBest: 15",39060.23202647534,7.275957614183426e-12,1.20625,33,Wine
6,Grasp,"numIter: 100, numBest: 5",39060.23202647534,7.275957614183426e-12,1.171875,33,Wine
7,Grasp,"numIter: 100, numBest: 10",39060.23202647534,7.275957614183426e-12,1.084375,33,Wine
8,Grasp,"numIter: 100, numBest: 15",39060.23202647534,7.275957614183426e-12,1.21875,33,Wine
9,Grasp,"numIter: 200, numBest: 5",39060.23202647534,7.275957614183426e-12,1.196875,33,Wine
10,Grasp,"numIter: 200, numBest: 10",39060.23202647534,7.275957614183426e-12,1.071875,33,Wine
11,Grasp,"numIter: 200, numBest: 15",39060.23202647534,7.275957614183426e-12,1.1734375,33,Wine
12,Grasp,"numIter: 350, numBest: 5",39060.23202647534,7.275957614183426e-12,1.1734375,33,Wine
13,Grasp,"numIter: 350, numBest: 10",39060.23202647534,7.275957614183426e-12,1.0703125,33,Wine
14,Grasp,"numIter: 350, numBest: 15",39060.23202647534,7.275957614183426e-12,1.2125,33,Wine
15,Grasp,"numIter: 500, numBest: 5",39060.23202647534,7.275957614183426e-12,1.190625,33,Wine
16,Grasp,"numIter: 500, numBest: 10",39060.23202647534,7.275957614183426e-12,1.05625,33,Wine
17,Grasp,"numIter: 500, numBest: 15",39060.23202647534,7.275957614183426e-12,1.2,33,Wine
